,Genome_Sequence,Avg_Fitness,Population
0,TTGCCTGAAGGTACCATTTTAACGGGAATGTAAACGGTGCTGTACTATTC,129.6,pop1
1,GCCGGCCCACCCCGCCCGCCCCCACCGGCGCCCCAGTCGCCCGCGCCCGC,176.54,pop0
2,GCCGGCCCGCCGCGCCCGCCCCCGCCGCCGCGCCCGTCGCCCCGTGGCGC,176.54,pop0
3,CCACCCTTTGTCCCAGGTACGACGTTGGTGCCTATTATCCACCGGGTCAA,129.6,pop1
4,GCGAACGTCCTAACACTTACACTAGAAGCGCTGTTTGACCACGGGGCGTC,129.6,pop1
5,GGCCGCCCGCCGCGCCCGGGCCCGCCGGCACCGCCCCCGCCCCCGCCCGC,176.54,pop0
6,GCCCACGCACGGCCCCCGGCGCCGCCGCCCCACCGACCGGGCCGGCCCGT,176.54,pop0
7,GGAGTCTCTTCGATATTATCCCCGTAGATGGTAATAGAGTTGAAGGAAAA,129.6,pop1
8,CTAAGTCTGTAGAAAACGGCGGCTGGTGGTGGGTGTCCCACCTCACCACT,129.6,pop1
9,AGAGCCCGCTGGCGTTAAATGCGACCAAGGTTCCGCGTCACCGGCCTACG,133.28,pop2
10,ACAGTGCACATCCCTACGGTTGTCTTCAGTGAACGCGTCGCGTAAACCTC,129.6,pop1
11,CGACCGCCCTTCCCGTCGTGGTAGTAAGCCCTGCCTTAGATATGTGAACT,133.28,pop2
12,CCCCGGCCCGGGCGCCCGCAGCCCCCGACGCCGCCGGCGCCCCGGGCCGC,176.54,pop0
13,CCCATCCTAGAGGATATACAGCCACGCATCCGAGCATGCACGACTAGCGA,129.6,pop1
14,GGCGGCCCGACCCGCCCGCGCCCGCCGGCGCGCCCGCCGCTCCAAGCCGC,176.54,pop0
15,GCCGGAGCGCCGCGCCCGCGGCGGCCGGCACCCCCCCCGCCCCCAGCCAC,176.54,pop0
16,CAGGCGACGTGCATTATGATATAGTCGGGGACGCAGAGGTCAAAAGGAAC,133.28,pop2
17,AAACCAGCCTCGGGGAATCAGTTCCCGGGCTCTAAGACTCCGGGGAACAT,129.6,pop1
18,GCCGGCCCACGGCGCCCGCGCCCGCCGGGACCCCCACCCCCACCGGGCGC,176.54,pop0
19,CGAATATGCTCCCAACACCAGCCACAGAAAAAGTACCACATCAGATGCCC,133.28,pop2
20,GCCGGCCCACGGCGCCCGCGCCCGCCGGCGCGCCCGCACCCGCCGGCCGC,176.54,pop0
21,GCCGGCCCGCCCCGCCCGCCGCCGCCGGCCCCCACGCCGCCCCGACGCGC,176.54,pop0
22,GCACAACATGGCTCGCTTGGAGTCCGGGGGTCAAGTGTCGGTCCAACCGC,133.28,pop2
23,GCCCGGCTGCGGCGCCCGCCCCCGCCGGCGCGACCGTCGCCCGGAGCCGC,176.54,pop0
24,TCGGTAGTATCTCAAACACCGCGCGACTCACAGGACAGATGCTGGGCACC,129.6,pop1
25,GGTGCTTTTACCTCCCCGTGAATTAAATCCATACATGTCTGCCTACCTAG,129.6,pop1
26,GCGGCGCGATCGTAATGGAGTGATAAAAAGAGCGACGCGCTCTCACGACA,133.28,pop2
27,GCGGCTCCCTCTGCGCCTTTTGGTAACCCCGGAGACGCCTCACCAACGTG,133.28,pop2
28,CACAGACGCGGGACTCTAAGCTCAGTAACCTAAGAATAAGCACATTCACC,133.28,pop2
29,GCCCGAGCGCGGCGCCCGCGGCCGCCGGCACCCCCCCCGCCCCCGGCCGC,176.54,pop0
30,GTCCGACGGCAAGGAAGTGCTCGCCATAGCAAGCAGTAGAGAATCAACAC,133.28,pop2
31,GCCGTCCCACCCCGCCCGCCCCCGCCGGCGCCCCCGTGGCCCGCGGCCGC,176.54,pop0
32,CGCCTGTGTTCCCCTCCGATAAAGCAAACCCTGTCACACATACGATGCGG,133.28,pop2
33,CCCGGGCCCCGGCGCCCGCGGCCGCCGGGGCGCCCCTCGCCCCGAGCCGC,176.54,pop0
34,GCCGGCCCATGGCGCGCGCGGCCGCCGGCCCCCCAGCACCCCCCGGGCGC,176.54,pop0
35,TCGGGAAAAGCGTATCATGGGGTGGCACGTGTCCCACCTGTCTACGGTAG,129.6,pop1
36,GGCGGCCCGCCCCGCCCGCGCCCGCCGGCGCGCCCGTCGCTCCGAGCCGC,176.54,pop0
37,GATCTATCAGGGATAGTGGTGACGCCGCTGTTCGCGACTATCCGCCCTCC,129.6,pop1
38,CTCTCAACGACGTCCCCATGTGGCAGGTAGCTAGTGGCCCCTCACGAACT,133.28,pop2
39,GACACACGGCTATACGGGGGCATCACCCGGATGGTGCTGTGCTATTACTG,129.6,pop1
40,GCCGGCCCACGGCGCCCGCGCCCGCCGGCACCCCCGCACCCACCGGGCGC,176.54,pop0
41,GAGGTGACCTCGGCCCAGAATGGTAGCCTCTGAGAGGCATAGCGCAATAC,133.28,pop2
42,GCCCGACCGCCGAGCCCGCGGCCGCCGGCCCCCCCGCACCCCCCAGGAGC,176.54,pop0
43,GGCGGCCCTCCCCGCCCGCAGCCGCCGGCCCCCACGCACCCACCGGCCGC,176.54,pop0
44,GCAGTGCATGACTGGTCTCTTCCGCTGGCCTGACGGCAAGGGGGAAAAGT,133.28,pop2
45,GCCAGCCCACGGCGCCCGCGGCCGCCGGCCCCCCCGCACCCATCGGGCGC,176.54,pop0
46,CCAAGGAGAAACGGTCTGCGGCGTCCAGAACAAAACGTTTTAGCACGCAG,133.28,pop2
47,GCCGGCCCACGGCGCCCGCGGCCGCCGGCGCCCCCGCACCCCCCGGGCGC,176.54,pop0
48,GACTTCCGGGCCAAGCTTGCCTAACATACTAAAGTCCCCAAAGTCCGCAG,133.28,pop2
49,GTCCGAAGTCTGGGGAGTTGACTCTAAGCCTTCAAGTCCAACATCGCAGC,133.28,pop2
